{
    "A0": {
        "scales": [
            0.0009450984919849741
        ]
    },
    "A1": {
        "scales": [
            0.000864752231683409
        ]
    },
    "A2": {
        "scales": [
            0.0008039230708726802
        ]
    },
    "A3": {
        "scales": [
            0.0008001512862027847
        ]
    },
    "A4": {
        "scales": [
            0.0008069769602691683
        ]
    },
    "A5": {
        "scales": [
            0.0008905764542860835
        ]
    },
    "A6": {
        "scales": [
            0.000808513314869247
        ]
    },
    "B0": {
        "scales": [
            0.0008744435954728685
        ]
    },
    "B1": {
        "scales": [
            0.0008039916839692638
        ]
    },
    "B2": {
        "scales": [
            0.0008026570286381546
        ]
    },
    "B3": {
        "scales": [
            0.0010000000001320094
        ]
    },
    "B4": {
        "scales": [
            0.0008007987965898657
        ]
    },
    "B5": {
        "scales": [
            0.0008860371509720841
        ]
    },
    "B6": {
        "scales": [
            0.0008715286698796331
        ]
    },
    "C0": {
        "scales": [
            0.0008320756539002345
        ]
    },
    "C1": {
        "scales": [
            0.0010000000000381618
        ]
    },
    "C2": {
        "scales": [
            0.0008096540648371089
        ]
    },
    "C3": {
        "scales": [
            0.0008329370621153374
        ]
    },
    "C4": {
        "scales": [
            0.0008900820173075627
        ]
    },
    "C5": {
        "scales": [
            0.0008071534079829981
        ]
    },
    "C6": {
        "scales": [
            0.0008903427497005858
        ]
    },
    "D0": {
        "scales": [
            0.0008009613978932545
        ]
    },
    "D1": {
        "scales": [
            0.0008326559291532049
        ]
    },
    "D2": {
        "scales": [
            0.0008016251129916719
        ]
    },
    "D3": {
        "scales": [
            0.0008047346134967111
        ]
    },
    "D4": {
        "scales": [
            0.0008059772333507721
        ]
    },
    "D5": {
        "scales": [
            0.0008167891550409203
        ]
    },
    "D6": {
        "scales": [
            0.0008518140386270265
        ]
    },
    "E0": {
        "scales": [
            0.0009999999999974697
        ]
    },
    "E1": {
        "scales": [
            0.0008125268808500796
        ]
    },
    "E2": {
        "scales": [
            0.0008010641555989952
        ]
    },
    "E3": {
        "scales": [
            0.000804615632815273
        ]
    },
    "E4": {
        "scales": [
            0.001001632293617814
        ]
    },
    "E5": {
        "scales": [
            0.0008716933381678517
        ]
    },
    "E6": {
        "scales": [
            0.0009022272636353386
        ]
    },
    "F0": {
        "scales": [
            0.001000000000003154
        ]
    },
    "F1": {
        "scales": [
            0.0008843061218450972
        ]
    },
    "F2": {
        "scales": [
            0.0009999999999043146
        ]
    },
    "F3": {
        "scales": [
            0.000808278298734609
        ]
    },
    "F4": {
        "scales": [
            0.0008056403567600114
        ]
    },
    "F5": {
        "scales": [
            0.0010000000000706824
        ]
    },
    "F6": {
        "scales": [
            0.000999999999948643
        ]
    },
    "G0": {
        "scales": [
            0.001000000000064341
        ]
    },
    "G1": {
        "scales": [
            0.0010000000000554982
        ]
    },
    "G2": {
        "scales": [
            0.0009999999999280255
        ]
    },
    "G3": {
        "scales": [
            0.0009999999999879183
        ]
    },
    "G4": {
        "scales": [
            0.0010000000000493989
        ]
    },
    "G5": {
        "scales": [
            0.000999999999964509
        ]
    },
    "G6": {
        "scales": [
            0.0009998845684019218
        ]
    }
}